{
  "$schema": "./node_modules/nx/schemas/nx-schema.json",
  "namedInputs": {
    "default": ["{projectRoot}/**/*", "sharedGlobals"],
    "production": [
      "default",
      "!{projectRoot}/.eslintrc.json",
      "!{projectRoot}/eslint.config.js",
      "!{projectRoot}/**/?(*.)+(spec|test).[jt]s?(x)?(.snap)",
      "!{projectRoot}/tsconfig.spec.json",
      "!{projectRoot}/jest.config.[jt]s",
      "!{projectRoot}/src/test-setup.[jt]s",
      "!{projectRoot}/test-setup.[jt]s"
    ],
    "sharedGlobals": []
  },
  "plugins": [
    {
      "plugin": "@nx/js/typescript",
      "options": {
        "typecheck": {
          "targetName": "typecheck"
        },
        "build": {
          "targetName": "build",
          "configName": "tsconfig.lib.json",
          "buildDepsName": "build-deps",
          "watchDepsName": "watch-deps"
        }
      }
    },
    {
      "plugin": "@nx/webpack/plugin",
      "options": {
        "buildTargetName": "build",
        "serveTargetName": "serve",
        "previewTargetName": "preview"
      }
    },
    {
      "plugin": "@nx/eslint/plugin",
      "options": {
        "targetName": "lint"
      }
    },
    {
      "plugin": "@nx/jest/plugin",
      "options": {
        "targetName": "test"
      },
      "exclude": ["apps/api-e2e/**/*"]
    },
    {
      "plugin": "@nx/next/plugin",
      "options": {
        "startTargetName": "start",
        "buildTargetName": "build",
        "devTargetName": "dev",
        "serveStaticTargetName": "serve-static"
      }
    },
    {
      "plugin": "@nx/playwright/plugin",
      "options": {
        "targetName": "e2e"
      }
    }
  ],
  "targetDefaults": {
    "e2e-ci--**/*": {
      "dependsOn": ["^build"]
    },
    "@nx/js:swc": {
      "cache": true,
      "dependsOn": ["^build"],
      "inputs": ["production", "^production"]
    }
  },
  "generators": {
    "@nx/next": {
      "application": {
        "style": "css",
        "linter": "eslint"
      }
    }
  }
}
